Department,Employee,Salary,Experience,City,Performance_Score
Marketing,Emp_1,53483,1,New York,3
Sales,Emp_2,78555,8,Austin,4
Finance,Emp_3,47159,3,Austin,2
Sales,Emp_4,110077,3,San Francisco,5
Sales,Emp_5,65920,1,New York,3
IT,Emp_6,97121,11,Chicago,4
Finance,Emp_7,99479,5,Chicago,1
Finance,Emp_8,119475,10,New York,4
Finance,Emp_9,49457,7,Chicago,4
Sales,Emp_10,96557,10,Chicago,3
Marketing,Emp_11,107189,9,New York,3
Finance,Emp_12,108953,12,Austin,5
Sales,Emp_13,82995,7,New York,1
IT,Emp_14,70757,9,Austin,4
Marketing,Emp_15,39692,8,Chicago,2
IT,Emp_16,75758,12,Chicago,1
Marketing,Emp_17,102409,2,Chicago,3
Sales,Emp_18,101211,1,San Francisco,5
HR,Emp_19,95697,7,Austin,4
Marketing,Emp_20,67065,7,San Francisco,4
IT,Emp_21,62606,14,San Francisco,4
Sales,Emp_22,41534,8,New York,4
Marketing,Emp_23,70397,5,San Francisco,3
HR,Emp_24,31016,3,New York,1
HR,Emp_25,119789,12,New York,5
Finance,Emp_26,85591,8,San Francisco,3
Finance,Emp_27,119812,6,Austin,3
IT,Emp_28,53247,11,Austin,2
Marketing,Emp_29,54300,3,Austin,1
Marketing,Emp_30,104065,1,Austin,5
Finance,Emp_31,112798,3,Austin,4
Marketing,Emp_32,39268,5,San Francisco,4
Marketing,Emp_33,116807,14,San Francisco,3
HR,Emp_34,42185,3,Chicago,5
Finance,Emp_35,93704,1,Austin,3
Sales,Emp_36,116779,5,San Francisco,3
Finance,Emp_37,69099,10,Chicago,3
Sales,Emp_38,38571,7,Austin,2
HR,Emp_39,68044,14,New York,1
IT,Emp_40,81214,7,Chicago,3
Marketing,Emp_41,91228,11,San Francisco,5
HR,Emp_42,78984,9,New York,1
Marketing,Emp_43,70774,10,New York,5
IT,Emp_44,32568,10,New York,5
IT,Emp_45,92592,12,Chicago,2
HR,Emp_46,97563,13,San Francisco,4
IT,Emp_47,32695,3,New York,1
Sales,Emp_48,78190,7,Austin,4
IT,Emp_49,35258,1,New York,4
Marketing,Emp_50,117538,4,New York,2
